"regis_no","flight_no","crew_id"
"C464589","MS385",1369684
"HE82724","MS802",1784482
"F471027","MS560",1228778
"DV83073","MS851",1568380
"WG93650","MS664",1197811
"TQ37615","MS167",1001850
"AG78197","MS719",1864686
"HN20038","MS412",1040062
"UE19825","MS107",1257911
"AR55177","MS163",1856208
"QK69420","MS907",1810260
"VF51525","MS199",1214064
"N040434","MS924",1688072
"OV48279","MS503",1698281
"B217059","MS897",1224721
"HU76983","GK266",1401498
"TQ14341","GK448",1568817
"BL62976","GK670",1118303
"OK34382","GK583",1833060
"ZS95452","GK512",1644639
"VX71227","GK721",1884396
"WP85488","GK944",1401498
"PX63116","GK635",1228778
"WP70477","GK663",1435043
"MW40322","GK558",1727260
"S639606","GK286",1398239
"UD16361","GK628",1337277
"VI45959","GK174",1324033
"O482585","GK122",1661320
"TZ43271","GK151",1460444
"UA60452","Z7830",1007028
"RC78819","Z7890",1802747
"ZU28510","Z7717",1724435
"PK27135","Z7457",1683204
"QT59189","Z7528",1793893
"UL56749","Z7828",1408231
"E956137","Z7150",1083594
"B139849","Z7366",1327284
"F714217","Z7646",1754952
"LR19845","Z7532",1007028
"WZ25234","Z7245",1306047
"AW18116","Z7673",1759506
"S938107","Z7634",1040062
"PI64488","Z7237",1765644
"P971903","Z7381",1765644
"WU77279","AS853",1668898
"SO63257","AS835",1593344
"RP80878","AS861",1288169
"LH44836","AS272",1714990
"HS74471","AS741",1346355
"MO20647","AS160",1040062
"QZ62428","AS814",1612515
"LO30203","AS243",1735269
"OG79306","AS768",1635732
"WX31524","AS416",1723657
"HN39364","AS820",1667804
"I316360","AS343",1834064
"HQ21551","AS799",1456632
"NY80762","AS891",1043208
"XO61031","AS857",1263421
"IT60376","N7731",1425397
"IP96318","N7419",1870684
"SQ22284","N7263",1176155
"SM30666","N7529",1122308
"PH67351","N7458",1020947
"CV98587","N7539",1869347
"JY18115","N7207",1759506
"T428328","N7441",1097255
"R221968","N7702",1830807
"XR32668","N7362",1485156
"WV45969","N7611",1977112
"I683668","N7651",1382900
"F469731","N7353",1884796
"Q472311","N7708",1548977
"L544625","N7111",1635732
"J985262","Y9360",1449556
"V131505","Y9671",1057964
"B281843","Y9488",1606849
"GV38377","Y9424",1531239
"ST59806","Y9627",1638179
"MD45661","Y9211",1435170
"MG55683","Y9661",1810260
"RL38507","Y9464",1834064
"SE29832","Y9452",1266254
"U533322","Y9235",1043208
"YC57486","Y9487",1214064
"R594031","Y9792",1168397
"Z957615","Y9840",1390035
"BW60821","Y9467",1366493
"IF17439","Y9206",1229958
"AJ62754","DSV193",1754952
"FP50403","DSV400",1650748
"VY15373","DSV483",1563684
"JR39548","DSV281",1286749
"V329383","DSV169",1565463
"NZ49581","DSV825",1470982
"G593666","DSV599",1646260
"B545657","DSV758",1051936
"PL83800","DSV392",1234681
"CA96298","DSV197",1819734
"P625790","DSV209",1346355
"LD25321","DSV588",1963929
"DI78406","DSV542",1556744
"AO28429","DSV562",1659270
"X015769","DSV144",1168397
"Y182001","LH728",1470982
"M696164","LH489",1820750
"TR89160","LH210",1895406
"PJ83131","LH755",1118303
"MK21368","LH383",1053080
"IC33216","LH391",1084276
"NT46430","LH565",1224721
"OQ72535","LH299",1529391
"KD43486","LH998",1735269
"LA71019","LH752",1820750
"ZL61013","LH340",1715123
"GS40842","LH329",1927873
"PC31121","LH573",1119964
"I135632","LH129",1938481
"MA80632","LH508",1884796
"H834424","AA696",1529391
"I268678","AA690",1694359
"FF57279","AA733",1190033
"C573194","AA615",1236059
"AK15140","AA389",1567018
"FT26660","AA762",1125472
"D257190","AA440",1551154
"XL21477","AA595",1730659
"IX35219","AA139",1369684
"PA47694","AA523",1538492
"QN91011","AA868",1946150
"RK12506","AA305",1112686
"K248623","AA993",1053080
"FJ26430","AA354",1333564
"IQ91358","AA345",1785276
"V893208","HU747",1975876
"GR97278","HU969",1909263
"VQ54186","HU999",1858971
"PG82179","HU121",1277901
"YM41665","HU649",1724435
"QE16655","HU586",1257591
"XN21483","HU680",1337277
"ET76777","HU365",1776459
"W299434","HU623",1960813
"MD64300","HU846",1056817
"MN39894","HU594",1742137
"GK68608","HU975",1083594
"D441026","HU710",1314010
"F688331","HU459",1394160
"RI57422","HU918",1224721
"UK27319","QZ141",1229958
"OO76816","QZ461",1622231
"DO87597","QZ974",1874854
"YF81526","QZ906",1496646
"SG76990","QZ101",1529736
"IW26063","QZ241",1114803
"DT39733","QZ368",1899211
"HG61329","QZ431",1314010
"IK34015","QZ602",1819734
"RS77818","QZ848",1395467
"SS13244","QZ342",1274281
"LO89122","QZ939",1414449
"UM74264","QZ535",1371625
"BK77597","QZ367",1686912
"BU75607","QZ290",1925653
"AE54612","BUR433",1190718
"V692697","BUR114",1875721
"EI27901","BUR292",1565463
"A161413","BUR119",1423913
"HM58307","BUR855",1705006
"EX49106","BUR847",1315149
"MA83017","BUR796",1686912
"YV32778","BUR655",1807518
"FP24904","BUR605",1399245
"FJ72942","BUR468",1963929
"D912152","BUR579",1603241
"H289249","BUR597",1909263
"HG61456","BUR159",1361165
"FC55159","BUR849",1348166
"S797853","BUR364",1434404
"AP80260","MU191",1394160
"W181679","MU636",1501017
"IY87396","MU470",1933295
"NZ16890","MU109",1919338
"ES88832","MU249",1224406
"D080282","MU960",1819734
"D412459","MU264",1218070
"YV60564","MU232",1721671
"CX56054","MU683",1798033
"DX22477","MU317",1490759
"ZS99861","MU771",1435390
"RZ47778","MU899",1715123
"ZX97198","MU965",1101335
"DG44175","MU863",1122308
"FX62042","MU952",1034338
"CL16145","EA190",1122308
"D539913","EA640",1889234
"MK59015","EA657",1408164
"M515455","EA520",1294094
"RE41948","EA842",1989167
"R574842","EA930",1754952
"YM26812","EA149",1057964
"FG89640","EA934",1432802
"E428497","EA279",1899211
"N882546","EA966",1371625
"XX51146","EA812",1266254
"X471938","EA308",1649066
"E119164","EA501",1122308
"XW56622","EA259",1694359
"O975291","EA689",1751626
"DR33825","MSE979",1073758
"J698977","MSE219",1100426
"L072916","MSE116",1056817
"RI48101","MSE675",1254955
"R142118","MSE705",1057443
"V694489","MSE471",1798869
"JM78016","MSE373",1435043
"OI93347","MSE531",1218115
"PS91594","MSE900",1661320
"DA46380","MSE880",1315149
"BV99256","MSE989",1257911
"AT48713","MSE331",1257137
"X538585","MSE476",1073758
"SD33049","MSE496",1423913
"EE66549","MSE916",1234367
"T953711","MH502",1099060
"HU33959","MH942",1593845
"NH61172","MH402",1899841
"YV81048","MH559",1455613
"YF70069","MH196",1715581
"MV15753","MH497",1397365
"I252820","MH804",1408231
"ZN45137","MH806",1830807
"A730100","MH425",1324403
"NU19406","MH672",1366493
"BN47452","MH589",1110357
"RF96683","MH421",1531239
"V469355","MH626",1832877
"XT33226","MH774",1174786
"PY66593","MH958",1191300
"BG94656","UH809",1445216
"S755695","UH212",1875721
"BF76420","UH265",1529180
"JL49802","UH484",1301102
"IT73428","UH370",1603241
"GI88503","UH493",1448175
"JY72758","UH324",1196518
"Y522070","UH784",1480296
"X449240","UH335",1217866
"Q021566","UH935",1456632
"BL84978","UH910",1947874
"CV51257","UH403",1660687
"YS96265","UH616",1875721
"YL62063","UH429",1440287
"KG94552","UH962",1501017
"FX38394","FV780",1218070
"SX16085","FV601",1586989
"K629243","FV992",1125472
"R081220","FV620",1101983
"EU19952","FV707",1884796
"U541105","FV933",1194925
"Q047322","FV105",1414449
"CW14948","FV604",1793893
"N736307","FV158",1568380
"JV55375","FV723",1642849
"LC96741","FV442",1178713
"E249508","FV154",1364997
"XA42589","FV725",1291323
"N991849","FV393",1011246
"KS78987","FV432",1611789
"UN57013","SK994",1011246
"X116535","SK932",1484820
"G635057","SK276",1324403
"BH61506","SK701",1755066
"MS55019","SK895",1485156
"X543761","SK827",1301102
"P993301","SK173",1257911
"BL56307","SK162",1435390
"AN16410","SK834",1318180
"V732413","SK909",1659270
"AF56595","SK995",1891117
"MI86223","SK303",1005581
"BP99811","SK977",1174485
"RI77716","SK870",1462037
"LK80038","SK275",1191300
"S060470","7W307",1563292
"JA97906","7W869",1119964
"DL51634","7W856",1810260
"GF93130","7W754",1115856
"L694058","7W821",1199269
"KG91245","7W988",1755074
"CS55016","7W990",1456296
"MG82613","7W743",1754952
"KX33050","7W866",1549324
"TG32460","7W872",1241047
"DG11250","7W950",1704111
"Y812405","7W330",1632003
"LU95862","7W321",1159613
"M769947","7W572",1005481
"JY74234","7W720",1909263
"WQ16876","CA750",1563684
"NI38385","CA763",1717264
"ZF17492","CA570",1342871
"QD27517","CA925",1880522
"QX84173","CA927",1024386
"OX36471","CA860",1798033
"UN57507","CA248",1776459
"ZI93930","CA574",1659270
"HF48942","CA183",1485156
"VR57164","CA492",1581359
"ZN27898","CA609",1263421
"TQ90743","CA270",1277509
"UF25136","CA734",1018758
"C034299","CA405",1479026
"AH11264","CA466",1455547
"PB53014","6O986",1266254
"V836285","6O694",1626731
"JN59416","6O477",1218070
"FH33719","6O715",1655471
"DM99354","6O971",1434404
"YH80338","6O850",1267683
"RC98668","6O247",1733271
"AV72077","6O839",1548977
"WI15132","6O201",1899984
"FF53946","6O491",1287868
"BG84706","6O469",1456296
"LV85219","6O176",1926621
"HX72997","6O170",1947874
"QM95314","6O666",1034338
"LX57455","6O186",1434404
"Q147234","QL344",1235358
"WB27133","QL298",1458720
"XH34317","QL294",1859364
"AQ19986","QL819",1715596
"CC23491","QL465",1235358
"HW52450","QL823",1280963
"D553656","QL428",1892237
"QX17683","QL957",1507892
"K453378","QL737",1736895
"T088636","QL782",1448175
"YO41476","QL578",1361165
"UD83068","QL585",1529180
"QT43576","QL590",1504818
"YD51669","QL652",1793356
"E151097","QL607",1868285
"SI76408","RMK398",1893168
"QC56771","RMK913",1690747
"L438888","RMK494",1586989
"LA46531","RMK742",1318180
"X813744","RMK216",1868285
"RX43100","RMK948",1112686
"RB23527","RMK284",1361165
"CZ27993","RMK843",1282284
"BA78989","RMK724",1485156
"VU85926","RMK118",1944253
"SW28358","RMK524",1651681
"PG22692","RMK426",1642849
"QA45771","RMK289",1027121
"Y419823","RMK926",1686335
"CE73058","RMK639",1537232
"UV83587","MD474",1236059
"PR33675","MD871",1110357
"S654938","MD229",1717977
"UR69284","MD205",1333564
"GD49515","MD304",1960724
"CR27959","MD346",1529180
"NF77766","MD208",1190718
"ED70498","MD593",1520331
"YS84034","MD568",1993371
"M261062","MD832",1190718
"G252798","MD898",1880522
"AP62348","MD527",1137342
"G813645","MD288",1115856
"OF70765","MD632",1765644
"GF49122","MD647",1820750
"FX47043","UA526",1130326
"HO38381","UA883",1174786
"LO75185","UA658",1501017
"QZ42276","UA386",1040466
"DK59405","UA794",1261562
"G447615","UA486",1246982
"IO10445","UA877",1603241
"RA31940","UA947",1612515
"HB79303","UA417",1759506
"QG80006","UA833",1435400
"NQ47997","UA912",1440287
"UB67244","UA250",1723264
"QN17200","UA662",1159613
"F691541","UA709",1274281
"OM42334","UA536",1858971
"HY30644","BGY878",1266254
"JJ73583","BGY311",1899984
"CW91929","BGY479",1482498
"PE41912","BGY556",1235739
"EJ25582","BGY803",1425397
"CK42389","BGY800",1456296
"U982141","BGY841",1478217
"MW73563","BGY587",1556744
"XA51410","BGY757",1698281
"PO24335","BGY409",1300079
"MU39880","BGY378",1401498
"J969815","BGY407",1475494
"Y643177","BGY612",1923041
"FQ75637","BGY204",1820750
"YL41942","BGY789",1507892
"CO36596","CZ638",1587841
"BC49058","CZ472",1735269
"F149307","CZ382",1529180
"DI64889","CZ810",1686335
"JN16541","CZ506",1332211
"AJ31263","CZ826",1482498
"VG28299","CZ258",1667162
"E470790","CZ997",1170255
"BY38313","CZ227",1355281
"RW88923","CZ921",1830807
"DQ58947","CZ903",1626731
"CV10744","CZ500",1174786
"DV11533","CZ314",1870684
"HE86132","CZ533",1993436
"ST56683","CZ818",1435256
"G410370","YAP534",1925653
"F177006","YAP240",1727260
"AB14396","YAP203",1449556
"HE49136","YAP481",1024529
"IM67485","YAP115",1395827
"C048800","YAP614",1371625
"ZO24757","YAP703",1398239
"C247145","YAP613",1288842
"O824055","YAP420",1177723
"BN14310","YAP787",1645776
"AU30986","YAP182",1218115
"L925559","YAP697",1900773
"S331219","YAP541",1654001
"QH32707","YAP943",1993436
"L930249","YAP862",1711751
"BJ32896","RL319",1479026
"QN37018","RL413",1632003
"A044929","RL753",1919338
"X684490","RL404",1434404
"TF25369","RL521",1318180
"ZL47611","RL369",1001850
"MZ22939","RL112",1568418
"QG85848","RL273",1468533
"AG11480","RL817",1369684
"QE67430","RL551",1278030
"PV29441","RL629",1759364
"RD24784","RL411",1870684
"JK76259","RL770",1364997
"MY12791","RL262",1755074
"JE49613","RL653",1005481
"F348584","L6 946",1529180
"B764584","L6 902",1891086
"DR31741","L6 215",1291323
"SM90317","L6 350",1819734
"KD52533","L6 213",1817624
"YB19868","L6 711",1686335
"U752167","L6 781",1606849
"KP94984","L6 548",1449556
"FZ92112","L6 896",1478851
"XK68536","L6 422",1332211
"PY87755","L6 836",1204259
"CC17048","L6 679",1435170
"UR20201","L6 667",1369684
"QL53792","L6 777",1034338
"JA74100","L6 858",1351506
"XZ90550","DL659",1493634
"VJ28448","DL600",1818375
"MH89346","DL126",1751626
"HA25581","DL480",1874854
"XR35145","DL522",1100426
"FZ17926","DL225",1993371
"LO15054","DL351",1448175
"P019920","DL793",1351506
"UJ58896","DL736",1537232
"BC62025","DL824",1218115
"DP62487","DL808",1746356
"Q338746","DL940",1754952
"OQ81096","DL557",1020947
"UX15682","DL171",1425397
"SI46275","DL603",1222849
"WT14701","TK786",1013586
"J242179","TK296",1369684
"F047576","TK291",1874854
"CI41841","TK415",1965610
"GJ65862","TK507",1642849
"BG20897","TK530",1478851
"R590110","TK220",1073758
"RT18273","TK443",1130326
"OD62248","TK687",1709813
"N441180","TK892",1112686
"I734638","TK359",1864686
"G353648","TK699",1057443
"YV44871","TK177",1895406
"KV10695","TK323",1355914
"PZ50878","TK778",1478217
"OI39686","IG622",1889234
"SO68263","IG252",1999324
"BV19079","IG625",1946150
"WL67776","IG929",1934819
"FW27758","IG712",1735269
"P087566","IG384",1659270
"VE84838","IG716",1736895
"XQ84037","IG829",1356642
"BA31518","IG881",1687299
"LU39394","IG132",1776459
"SE33416","IG984",1182654
"BL79363","IG221",1435256
"Q917319","IG511",1325150
"T383666","IG920",1174485
"ZN89825","IG110",1818375
"II34682","NDN642",1563292
"PJ84856","NDN772",1739396
"PK60928","NDN685",1249257
"T170274","NDN553",1925653
"N834091","NDN744",1099060
"V810811","NDN463",1182105
"CI34176","NDN886",1187713
"AV19617","NDN552",1084276
"KM36900","NDN945",1529180
"GL39439","NDN473",1644639
"YH85528","NDN437",1478217
"ZD73866","NDN309",1013586
"JM13886","NDN624",1287868
"KH83527","NDN372",1759506
"QZ64723","NDN949",1529391
"L022139","G192",1163978
"YW52660","G143",1615503
"N616925","G745",1989167
"AL69214","G844",1356642
"K672440","G348",1371625
"A416064","G194",1944253
"K791494","G576",1644639
"BL51630","G660",1109111
"ZT22009","G145",1891117
"RD44376","G546",1650748
"ZJ61396","G867",1351506
"KH49170","G549",1755074
"L295342","G980",1727438
"NB94749","G914",1043208
"RC64247","G224",1947874
"FM40739","YUZ164",1531590
"Q220212","YUZ760",1765644
"XT89730","YUZ198",1425478
"JK81309","YUZ427",1277901
"LL73332","YUZ630",1320950
"U779206","YUZ813",1237082
"WJ24693","YUZ397",1207282
"F078977","YUZ564",1759364
"X391074","YUZ435",1102284
"I827414","YUZ917",1870684
"L364890","YUZ352",1501017
"FY15710","YUZ735",1970084
"MH28238","YUZ254",1178713
"R630878","YUZ280",1448175
"NC68102","YUZ113",1390035
"SD87991","KA811",1057443
"SQ55324","KA251",1034338
"ND79620","KA537",1314010
"HI56700","KA967",1905925
"EM26166","KA785",1960229
"UA91512","KA807",1603241
"CQ66529","KA283",1863377
"C766347","KA882",1214064
"BJ88270","KA756",1254955
"BB39621","KA478",1408231
"KM74606","KA783",1899211
"CK61659","KA631",1863377
"OG91148","KA739",1612515
"HS45523","KA185",1863377
"E783526","KA700",1332211
"U684888","VA438",1503462
"ON28761","VA766",1443505
"PD21254","VA955",1053080
"A955561","VA816",1190857
"E032026","VA358",1880386
"HH75497","VA617",1163978
"NZ26522","VA764",1401432
"CD18852","VA341",1863377
"MS26621","VA179",1408164
"F217032","VA976",1899984
"JJ31597","VA982",1687299
"Q748724","VA282",1194925
"Q711375","VA334",1934819
"UA26706","VA447",1001850
"KF56264","VA339",1611789
"LI53474","SE838",1730659
"AU69054","SE961",1646260
"CL90800","SE301",1820750
"JH61684","SE406",1355281
"Z648127","SE318",1302101
"FA30008","SE178",1228729
"FA71621","SE740",1591867
"LJ11388","SE374",1718403
"MV87376","SE951",1538492
"W422547","SE226",1156002
"M828957","SE550",1482498
"ZO89128","SE561",1568817
"JZ30465","SE278",1174786
"JS87146","SE805",1482498
"XZ50110","SE682",1196518
"ED78063","OAC490",1325150
"OS66074","OAC430",1956753
"WL87992","OAC748",1912563
"KH75049","OAC485",1066531
"RT22519","OAC135",1346355
"QX68075","OAC231",1257911
"WY24189","OAC277",1026770
"BJ18275","OAC859",1688072
"UH83756","OAC837",1654001
"MV76555","OAC698",1018758
"VP88445","OAC274",1718403
"B379961","OAC394",1723264
"HA98155","OAC540",1398239
"T615237","OAC972",1660687
"MD29253","OAC161",1875721
"U815788","FD641",1040466
"NK33347","FD953",1529180
"C517003","FD815",1042846
"CV85879","FD936",1194653
"CG45530","FD769",1785276
"VQ68651","FD189",1100426
"AS97559","FD608",1594609
"U188781","FD648",1562879
"G217818","FD257",1401498
"M458929","FD991",1218115
"EI81958","FD591",1933182
"QM19906","FD864",1715596
"W198246","FD222",1554873
"UZ68664","FD140",1119964
"WJ10999","FD153",1759364
"X582379","FNA515",1926621
"WO31112","FNA239",1529180
"KH46941","FNA928",1926621
"HP31046","FNA408",1163978
"A299277","FNA688",1254955
"C463705","FNA722",1907920
"SY59309","FNA643",1005581
"VE51136","FNA959",1398239
"AI89560","FNA295",1187713
"IK57802","FNA156",1228778
"FN57083","FNA765",1721671
"RM31205","FNA187",1190857
"NX10428","FNA509",1035271
"RE69147","FNA875",1642849
"O469699","FNA525",1899211
"F476850","Y7791",1562879
"CZ11947","Y7333",1874854
"JH87790","Y7776",1083594
"FQ89093","Y7598",1718403
"Y535528","Y7214",1174786
"JW93445","Y7313",1027121
"RI57073","Y7165",1905925
"PW66812","Y7234",1159613
"QS92830","Y7674",1102284
"FF34163","Y7619",1909263
"YK23395","Y7285",1084276
"YW83891","Y7767",1551154
"Y971828","Y7142",1912563
"CZ62244","Y7377",1274281
"W386685","Y7253",1282284
"H834424","AA3471",1237082
"I268678","AA7455",1122308
"FF57279","AA1018",1266994
"C573194","AA9320",1899211
"AK15140","AA3451",1194653
"FT26660","AA8738",1946352
"D257190","AA9987",1742137
"XL21477","AA6423",1880284
"IX35219","AA5480",1504818
"PA47694","AA7426",1434404
"QN91011","AA2513",1504818
"RK12506","AA7204",1892237
"K248623","AA6857",1190857
"FJ26430","AA9006",1287868
"IQ91358","AA5026",1178713
"V893208","HU9908",1933182
"GR97278","HU7104",1174485
"VQ54186","HU2118",1478851
"PG82179","HU1467",1119964
"YM41665","HU3716",1440287
"QE16655","HU9009",1118303
"XN21483","HU6483",1191300
"ET76777","HU2409",1529391
"W299434","HU9544",1397365
"MD64300","HU1336",1241047
"MN39894","HU5178",1470982
"GK68608","HU1623",1593845
"D441026","HU7612",1224406
"F688331","HU9939",1040062
"RI57422","HU7832",1661318
"AP80260","MU6546",1581359
"W181679","MU4936",1332211
"IY87396","MU7451",1194925
"NZ16890","MU3219",1769438
"ES88832","MU5259",1717977
"D080282","MU9160",1455547
"D412459","MU5814",1655471
"YV60564","MU6161",1137165
"CX56054","MU5218",1224406
"DX22477","MU7895",1277901
"ZS99861","MU9711",1734304
"RZ47778","MU2880",1448175
"ZX97198","MU5240",1755074
"DG44175","MU8431",1066531
"FX62042","MU3178",1287868
"WQ16876","CA7278",1650748
"NI38385","CA8312",1342364
"ZF17492","CA9527",1655471
"QD27517","CA8919",1475494
"QX84173","CA8865",1957241
"OX36471","CA4829",1956753
"UN57507","CA5037",1956753
"ZI93930","CA1853",1906469
"HF48942","CA6209",1337277
"VR57164","CA1595",1980412
"ZN27898","CA5751",1714990
"TQ90743","CA8528",1342364
"UF25136","CA2668",1938481
"C034299","CA8823",1040466
"AH11264","CA5180",1178713
"FX47043","UA7702",1919338
"HO38381","UA9215",1176155
"LO75185","UA8239",1889234
"QZ42276","UA5653",1776459
"DK59405","UA2778",1870684
"G447615","UA8433",1001850
"IO10445","UA8287",1963929
"RA31940","UA1658",1445216
"HB79303","UA9473",1889234
"QG80006","UA5207",1616652
"NQ47997","UA1783",1119964
"UB67244","UA8001",1408319
"QN17200","UA8492",1482498
"F691541","UA9595",1073758
"OM42334","UA1901",1257591
"XZ90550","DL3894",1174786
"VJ28448","DL6165",1414449
"MH89346","DL3766",1401498
"HA25581","DL5042",1371625
"XR35145","DL8511",1001850
"FZ17926","DL5615",1217866
"LO15054","DL8617",1005581
"P019920","DL3403",1371625
"UJ58896","DL7330",1715123
"BC62025","DL8553",1889234
"DP62487","DL6843",1332211
"Q338746","DL2987",1137342
"OQ81096","DL3712",1765644
"UX15682","DL1348",1507892
"SI46275","DL2994",1880522
"H834424","AA9479",1513199
"I268678","AA4431",1468533
"FF57279","AA6986",1057443
"C573194","AA2151",1182105
"AK15140","AA3438",1957241
"FT26660","AA2588",1294094
"D257190","AA8389",1497333
"XL21477","AA4968",1306047
"IX35219","AA1269",1190857
"PA47694","AA8688",1288169
"QN91011","AA7258",1735269
"RK12506","AA1219",1548977
"K248623","AA3974",1257137
"FJ26430","AA9344",1567018
"IQ91358","AA3755",1798869
"V893208","HU9474",1794904
"GR97278","HU7663",1159613
"VQ54186","HU2974",1024529
"PG82179","HU2239",1266994
"YM41665","HU3236",1818375
"QE16655","HU7341",1733292
"XN21483","HU5494",1382900
"ET76777","HU5004",1235358
"W299434","HU6851",1324033
"MD64300","HU2104",1704111
"MN39894","HU1765",1727438
"GK68608","HU8203",1377483
"D441026","HU1886",1551154
"F688331","HU1644",1960229
"RI57422","HU8802",1798033
"AP80260","MU7202",1957241
"W181679","MU9773",1306047
"IY87396","MU8560",1638179
"NZ16890","MU5293",1820750
"ES88832","MU4715",1880386
"D080282","MU4634",1228778
"D412459","MU4188",1490759
"YV60564","MU9075",1565463
"CX56054","MU7843",1194653
"DX22477","MU2917",1933295
"ZS99861","MU3738",1687299
"RZ47778","MU1437",1065061
"ZX97198","MU1051",1824480
"DG44175","MU1343",1286749
"FX62042","MU9745",1802366
"WQ16876","CA6377",1644639
"NI38385","CA7713",1793893
"ZF17492","CA6301",1420484
"QD27517","CA6281",1734304
"QX84173","CA4363",1216132
"OX36471","CA7717",1504818
"UN57507","CA6127",1960813
"ZI93930","CA9261",1892237
"HF48942","CA6894",1755074
"VR57164","CA3919",1399245
"ZN27898","CA4317",1926621
"TQ90743","CA3476",1603241
"UF25136","CA8952",1834064
"C034299","CA1592",1810260
"AH11264","CA9153",1222849
"FX47043","UA8878",1287868
"HO38381","UA8903",1187713
"LO75185","UA3063",1891117
"QZ42276","UA2887",1923041
"DK59405","UA9334",1717977
"G447615","UA8044",1945037
"IO10445","UA3200",1490759
"RA31940","UA5809",1007028
"HB79303","UA7244",1398239
"QG80006","UA9587",1661318
"NQ47997","UA2962",1394160
"UB67244","UA9532",1980412
"QN17200","UA4168",1905925
"F691541","UA2149",1288842
"OM42334","UA2629",1635732
"XZ90550","DL2569",1723264
"VJ28448","DL9824",1414449
"MH89346","DL3890",1698281
"HA25581","DL7191",1071759
"XR35145","DL1445",1933295
"FZ17926","DL1969",1675045
"LO15054","DL3294",1817624
"P019920","DL5201",1475494
"UJ58896","DL7918",1945970
"BC62025","DL2045",1727438
"DP62487","DL8279",1688072
"Q338746","DL3829",1490759
"OQ81096","DL2111",1654001
"UX15682","DL5874",1675045
"SI46275","DL3409",1708609
"H834424","AA5102",1715123
"I268678","AA8116",1482438
"FF57279","AA1383",1024529
"C573194","AA2822",1237082
"AK15140","AA1723",1717977
"FT26660","AA8951",1194653
"D257190","AA7461",1549324
"XL21477","AA7145",1606849
"IX35219","AA2608",1817624
"PA47694","AA9599",1675045
"QN91011","AA5466",1435256
"RK12506","AA3377",1669414
"K248623","AA1614",1342364
"FJ26430","AA2442",1927873
"IQ91358","AA7824",1704111
"V893208","HU8687",1020947
"GR97278","HU7863",1291323
"VQ54186","HU1413",1715581
"PG82179","HU3892",1263421
"YM41665","HU4495",1668898
"QE16655","HU8818",1993371
"XN21483","HU8344",1102284
"ET76777","HU6096",1369684
"W299434","HU9368",1830807
"MD64300","HU5870",1649066
"MN39894","HU7321",1466365
"GK68608","HU2986",1163978
"D441026","HU6237",1043208
"F688331","HU7880",1977112
"RI57422","HU3665",1115856
"AP80260","MU3115",1302607
"W181679","MU8048",1306047
"IY87396","MU1332",1933182
"NZ16890","MU9443",1398239
"ES88832","MU8891",1646260
"D080282","MU2972",1957241
"D412459","MU5047",1798033
"YV60564","MU5260",1793356
"CX56054","MU3597",1891117
"DX22477","MU4865",1585026
"ZS99861","MU3152",1603241
"RZ47778","MU7354",1675045
"ZX97198","MU6940",1694359
"DG44175","MU3870",1777151
"FX62042","MU5918",1007028
"WQ16876","CA5050",1177723
"NI38385","CA1503",1222849
"ZF17492","CA4819",1441820
"QD27517","CA8313",1531239
"QX84173","CA3507",1424079
"OX36471","CA1299",1819734
"UN57507","CA7853",1234681
"ZI93930","CA8079",1425478
"HF48942","CA7472",1501017
"VR57164","CA7328",1030875
"ZN27898","CA9092",1101335
"TQ90743","CA6710",1204259
"UF25136","CA9832",1458720
"C034299","CA4347",1907920
"AH11264","CA5374",1057443
"FX47043","UA5855",1961937
"HO38381","UA6656",1337277
"LO75185","UA7222",1435043
"QZ42276","UA3688",1140022
"DK59405","UA7615",1784482
"G447615","UA8915",1817624
"IO10445","UA8440",1742137
"RA31940","UA3580",1715596
"HB79303","UA2048",1644639
"QG80006","UA1001",1027121
"NQ47997","UA7338",1425478
"UB67244","UA6560",1346355
"QN17200","UA6696",1668898
"F691541","UA8336",1581359
"OM42334","UA1690",1462037
"XZ90550","DL3525",1057964
"VJ28448","DL9823",1868285
"MH89346","DL8622",1026770
"HA25581","DL7322",1408319
"XR35145","DL8532",1178713
"FZ17926","DL4057",1755074
"LO15054","DL8439",1345567
"P019920","DL6763",1040062
"UJ58896","DL8319",1315149
"BC62025","DL7665",1420484
"DP62487","DL7925",1912563
"Q338746","DL5537",1562879
"OQ81096","DL3447",1254955
"UX15682","DL4118",1190857
"SI46275","DL7602",1460444
"H834424","AA6191",1717264
"I268678","AA1718",1900131
"FF57279","AA8660",1301102
"C573194","AA5692",1566088
"AK15140","AA5210",1234367
"FT26660","AA9840",1455613
"D257190","AA5821",1784482
"XL21477","AA5332",1306047
"IX35219","AA4451",1868285
"PA47694","AA6737",1196518
"QN91011","AA6753",1408164
"RK12506","AA1192",1567018
"K248623","AA7588",1909263
"FJ26430","AA3036",1961937
"IQ91358","AA6859",1566088
"V893208","HU3847",1568817
"GR97278","HU9673",1350412
"VQ54186","HU7210",1666133
"PG82179","HU3214",1084805
"YM41665","HU2525",1538091
"QE16655","HU4236",1993436
"XN21483","HU1109",1739646
"ET76777","HU2902",1377483
"W299434","HU7368",1531239
"MD64300","HU5268",1594609
"MN39894","HU7748",1868285
"GK68608","HU9498",1644639
"D441026","HU3105",1594609
"F688331","HU3304",1377483
"RI57422","HU8447",1408164
"AP80260","MU6342",1324033
"W181679","MU7946",1827720
"IY87396","MU8990",1207282
"NZ16890","MU1419",1294256
"ES88832","MU5081",1899211
"D080282","MU3742",1222849
"D412459","MU3736",1807518
"YV60564","MU4942",1278030
"CX56054","MU5407",1993436
"DX22477","MU4307",1715581
"ZS99861","MU9526",1324033
"RZ47778","MU5232",1926621
"ZX97198","MU7143",1802747
"DG44175","MU8820",1529736
"FX62042","MU3010",1549324
"WQ16876","CA2288",1485156
"NI38385","CA7868",1622231
"ZF17492","CA9932",1923041
"QD27517","CA6054",1686335
"QX84173","CA9891",1288842
"OX36471","CA1276",1320950
"UN57507","CA6587",1504818
"ZI93930","CA3113",1456296
"HF48942","CA1674",1007028
"VR57164","CA7828",1482438
"ZN27898","CA6779",1715596
"TQ90743","CA6095",1435390
"UF25136","CA1998",1112986
"C034299","CA1556",1715596
"AH11264","CA9329",1963929
"FX47043","UA2375",1034338
"HO38381","UA7087",1302607
"LO75185","UA7845",1907870
"QZ42276","UA2669",1880522
"DK59405","UA4827",1832877
"G447615","UA1532",1170255
"IO10445","UA8471",1027121
"RA31940","UA8397",1320950
"HB79303","UA3104",1235358
"QG80006","UA6495",1503462
"NQ47997","UA6511",1217866
"UB67244","UA2243",1912563
"QN17200","UA5282",1563292
"F691541","UA8985",1425397
"OM42334","UA9826",1456296
"XZ90550","DL3071",1912563
"VJ28448","DL5662",1361165
"MH89346","DL8789",1109111
"HA25581","DL3859",1945970
"XR35145","DL7922",1946352
"FZ17926","DL9722",1895406
"LO15054","DL9985",1960724
"P019920","DL6036",1587841
"UJ58896","DL3282",1159613
"BC62025","DL4205",1644639
"DP62487","DL5684",1257911
"Q338746","DL1226",1115856
"OQ81096","DL7038",1040062
"UX15682","DL8982",1455547
"SI46275","DL9892",1007028
"H834424","AA9440",1926621
"I268678","AA4785",1531590
"FF57279","AA7270",1174786
"C573194","AA1910",1769438
"AK15140","AA5310",1043208
"FT26660","AA4394",1616652
"D257190","AA8481",1993436
"XL21477","AA9680",1119964
"IX35219","AA4891",1961937
"PA47694","AA3045",1042846
"QN91011","AA8049",1946150
"RK12506","AA7023",1218070
"K248623","AA8195",1361165
"FJ26430","AA1042",1027121
"IQ91358","AA7800",1786566
"V893208","HU9395",1884396
"GR97278","HU1884",1558649
"VQ54186","HU4577",1024386
"PG82179","HU1037",1408164
"YM41665","HU9720",1177723
"QE16655","HU9119",1884796
"XN21483","HU2241",1933182
"ET76777","HU8683",1137342
"W299434","HU5921",1889234
"MD64300","HU6229",1445216
"MN39894","HU4024",1993421
"GK68608","HU6418",1606849
"D441026","HU8189",1819734
"F688331","HU3240",1257137
"RI57422","HU5926",1040062
"AP80260","MU5504",1100426
"W181679","MU4422",1646260
"IY87396","MU6141",1445216
"NZ16890","MU8032",1687299
"ES88832","MU4588",1306047
"D080282","MU7501",1478217
"D412459","MU9278",1946352
"YV60564","MU7558",1115856
"CX56054","MU8031",1065061
"DX22477","MU4448",1565463
"ZS99861","MU9501",1862219
"RZ47778","MU7939",1173330
"ZX97198","MU8441",1977112
"DG44175","MU7606",1182654
"FX62042","MU5553",1137342
"WQ16876","CA9404",1884396
"NI38385","CA7035",1834064
"ZF17492","CA7284",1585026
"QD27517","CA7963",1784482
"QX84173","CA5566",1715581
"OX36471","CA7465",1923041
"UN57507","CA5199",1194925
"ZI93930","CA8657",1228729
"HF48942","CA3474",1777151
"VR57164","CA8132",1320950
"ZN27898","CA7740",1266254
"TQ90743","CA5419",1302101
"UF25136","CA8183",1531239
"C034299","CA1559",1246982
"AH11264","CA1409",1973804
"FX47043","UA9593",1190033
"HO38381","UA5335",1568817
"LO75185","UA4763",1101983
"QZ42276","UA1993",1945037
"DK59405","UA2776",1318180
"G447615","UA7555",1337277
"IO10445","UA8561",1235739
"RA31940","UA1370",1391710
"HB79303","UA2517",1753522
"QG80006","UA9592",1956753
"NQ47997","UA8856",1965610
"UB67244","UA8535",1377483
"QN17200","UA7867",1026770
"F691541","UA7747",1698281
"OM42334","UA2759",1632003
"XZ90550","DL2447",1661318
"VJ28448","DL9406",1705006
"MH89346","DL2743",1337277
"HA25581","DL4017",1288842
"XR35145","DL6359",1443505
"FZ17926","DL7580",1217866
"LO15054","DL9181",1266994
"P019920","DL9825",1204259
"UJ58896","DL2250",1830807
"BC62025","DL2434",1868285
"DP62487","DL6931",1294094
"Q338746","DL5142",1565463
"OQ81096","DL2003",1263421
"UX15682","DL6319",1355914
"SI46275","DL6805",1735269
"H834424","AA1157",1497333
"I268678","AA4129",1214064
"FF57279","AA2133",1531590
"C573194","AA9061",1286749
"AK15140","AA7167",1257591
"FT26660","AA9273",1176155
"D257190","AA8200",1834064
"XL21477","AA1046",1891086
"IX35219","AA1313",1218070
"PA47694","AA7419",1355914
"QN91011","AA7587",1973804
"RK12506","AA9207",1342364
"K248623","AA6993",1355281
"FJ26430","AA6874",1241047
"IQ91358","AA4051",1097255
"V893208","HU1749",1399245
"GR97278","HU2122",1222849
"VQ54186","HU4699",1020947
"PG82179","HU9326",1475494
"YM41665","HU6465",1042846
"QE16655","HU7512",1895406
"XN21483","HU5955",1228778
"ET76777","HU6121",1622231
"W299434","HU6221",1666133
"MD64300","HU2374",1739646
"MN39894","HU8057",1563292
"GK68608","HU7528",1119964
"D441026","HU2730",1993421
"F688331","HU9132",1708609
"RI57422","HU9138",1872189
"AP80260","MU2934",1187713
"W181679","MU2680",1895406
"IY87396","MU9871",1337277
"NZ16890","MU4415",1355281
"ES88832","MU5554",1927873
"D080282","MU3527",1320950
"D412459","MU6990",1445216
"YV60564","MU6357",1907920
"CX56054","MU6691",1645776
"DX22477","MU2381",1899211
"ZS99861","MU6349",1776459
"RZ47778","MU5303",1957241
"ZX97198","MU2947",1216132
"DG44175","MU3968",1554873
"FX62042","MU6522",1364997
"WQ16876","CA7085",1057964
"NI38385","CA9580",1938481
"ZF17492","CA2141",1182654
"QD27517","CA8067",1173330
"QX84173","CA9749",1579823
"OX36471","CA4196",1455613
"UN57507","CA6135",1715596
"ZI93930","CA7813",1531239
"HF48942","CA4532",1224721
"VR57164","CA2117",1711751
"ZN27898","CA4276",1944253
"TQ90743","CA9895",1510737
"UF25136","CA7154",1548977
"C034299","CA8555",1548977
"AH11264","CA9976",1460444
"FX47043","UA3138",1199269
"HO38381","UA9685",1013586
"LO75185","UA5329",1946150
"QZ42276","UA5217",1715596
"DK59405","UA6559",1661320
"G447615","UA3329",1513199
"IO10445","UA9533",1280963
"RA31940","UA1253",1456296
"HB79303","UA6270",1425478
"QG80006","UA6798",1369684
"NQ47997","UA1428",1615503
"UB67244","UA7306",1274281
"QN17200","UA7164",1190033
"F691541","UA7064",1493634
"OM42334","UA6434",1693781
"XZ90550","DL1322",1318180
"VJ28448","DL3016",1650748
"MH89346","DL9894",1858971
"HA25581","DL1182",1382900
"XR35145","DL3278",1504818
"FZ17926","DL6134",1221011
"LO15054","DL8753",1891117
"P019920","DL3637",1688072
"UJ58896","DL2857",1122308
"BC62025","DL7422",1342364
"DP62487","DL7988",1650748
"Q338746","DL3508",1178713
"OQ81096","DL2930",1529736
"UX15682","DL3004",1786566
"SI46275","DL5244",1237082
"H834424","AA7208",1435043
"I268678","AA8590",1125472
"FF57279","AA1140",1327284
"C573194","AA8357",1051699
"AK15140","AA9723",1456296
"FT26660","AA2489",1109111
"D257190","AA6188",1174786
"XL21477","AA9888",1435043
"IX35219","AA6293",1399245
"PA47694","AA1385",1682727
"QN91011","AA3369",1993436
"RK12506","AA4064",1118303
"K248623","AA7950",1394160
"FJ26430","AA8136",1715581
"IQ91358","AA4493",1057443
"V893208","HU6462",1301102
"GR97278","HU8285",1112986
"VQ54186","HU8231",1615503
"PG82179","HU2609",1975876
"YM41665","HU4251",1352001
"QE16655","HU7029",1456632
"XN21483","HU8779",1548977
"ET76777","HU8792",1236059
"W299434","HU5602",1435390
"MD64300","HU9390",1884796
"MN39894","HU3232",1717977
"GK68608","HU7074",1562879
"D441026","HU2746",1178275
"F688331","HU6331",1286749
"RI57422","HU6499",1178275
"AP80260","MU5341",1938481
"W181679","MU4868",1235358
"IY87396","MU9025",1793893
"NZ16890","MU3068",1683204
"ES88832","MU9986",1007028
"D080282","MU8271",1173330
"D412459","MU5808",1683204
"YV60564","MU4628",1606849
"CX56054","MU8832",1468533
"DX22477","MU8755",1182105
"ZS99861","MU2854",1369684
"RZ47778","MU5761",1856208
"ZX97198","MU7388",1907870
"DG44175","MU9378",1204259
"FX62042","MU7794",1040062
"WQ16876","CA6278",1900131
"NI38385","CA1891",1511091
"ZF17492","CA2533",1626731
"QD27517","CA7107",1435390
"QX84173","CA2514",1905616
"OX36471","CA5951",1435256
"UN57507","CA5426",1197811
"ZI93930","CA3061",1635732
"HF48942","CA8935",1187713
"VR57164","CA3873",1593845
"ZN27898","CA1406",1975876
"TQ90743","CA4767",1109111
"UF25136","CA2754",1137165
"C034299","CA3506",1122308
"AH11264","CA9416",1401498
"FX47043","UA2837",1907870
"HO38381","UA1703",1944253
"LO75185","UA9617",1371625
"QZ42276","UA3269",1675045
"DK59405","UA1138",1769438
"G447615","UA7072",1727438
"IO10445","UA2848",1479026
"RA31940","UA9815",1907870
"HB79303","UA1632",1191300
"QG80006","UA4091",1933295
"NQ47997","UA6333",1798033
"UB67244","UA6603",1194653
"QN17200","UA2944",1909263
"F691541","UA1096",1174786
"OM42334","UA5748",1294094
"XZ90550","DL8402",1944253
"VJ28448","DL9926",1869347
"MH89346","DL2675",1235739
"HA25581","DL6934",1115856
"XR35145","DL1833",1342364
"FZ17926","DL5325",1342871
"LO15054","DL8631",1266994
"P019920","DL4610",1301102
"UJ58896","DL8489",1257137
"BC62025","DL9517",1112986
"DP62487","DL9597",1538091
"Q338746","DL9033",1708609
"OQ81096","DL9112",1177723
"UX15682","DL1872",1320950
"SI46275","DL7156",1603241
"H834424","AA7166",1870684
"I268678","AA5502",1136111
"FF57279","AA3978",1622621
"C573194","AA8991",1350412
"AK15140","AA8092",1661318
"FT26660","AA9355",1435256
"D257190","AA5878",1830807
"XL21477","AA7020",1759364
"IX35219","AA6925",1856208
"PA47694","AA5377",1294094
"QN91011","AA3788",1688072
"RK12506","AA1270",1735269
"K248623","AA6019",1401498
"FJ26430","AA2575",1332211
"IQ91358","AA8635",1277901
"V893208","HU8937",1425478
"GR97278","HU4824",1727438
"VQ54186","HU7737",1030875
"PG82179","HU3252",1784482
"YM41665","HU5084",1288842
"QE16655","HU6918",1650748
"XN21483","HU7710",1441820
"ET76777","HU5582",1314010
"W299434","HU5345",1919338
"MD64300","HU1785",1266254
"MN39894","HU7666",1989167
"GK68608","HU9452",1371625
"D441026","HU6120",1830807
"F688331","HU1751",1587841
"RI57422","HU6307",1711751
"AP80260","MU6010",1101335
"W181679","MU8723",1097255
"IY87396","MU5879",1288169
"NZ16890","MU8346",1566088
"ES88832","MU7643",1479026
"D080282","MU3064",1759364
"D412459","MU6556",1980412
"YV60564","MU5116",1859497
"CX56054","MU9040",1717977
"DX22477","MU1333",1174786
"ZS99861","MU5202",1612515
"RZ47778","MU8084",1327284
"ZX97198","MU2452",1510737
"DG44175","MU8967",1455613
"FX62042","MU6981",1288169
"WQ16876","CA4807",1182105
"NI38385","CA3161",1832877
"ZF17492","CA4010",1177723
"QD27517","CA9264",1666133
"QX84173","CA7373",1214064
"OX36471","CA3893",1112986
"UN57507","CA9194",1007028
"ZI93930","CA6437",1425478
"HF48942","CA7774",1286749
"VR57164","CA6679",1859497
"ZN27898","CA7667",1603241
"TQ90743","CA1713",1989167
"UF25136","CA6788",1263421
"C034299","CA7525",1660687
"AH11264","CA4662",1228778
"FX47043","UA3048",1531239
"HO38381","UA4358",1435390
"LO75185","UA3218",1611789
"QZ42276","UA2841",1530938
"DK59405","UA3177",1020947
"G447615","UA9021",1724435
"IO10445","UA9185",1435390
"RA31940","UA4886",1355914
"HB79303","UA3536",1622231
"QG80006","UA6070",1097460
"NQ47997","UA3421",1970084
"UB67244","UA9727",1529736
"QN17200","UA5990",1520331
"F691541","UA9736",1864686
"OM42334","UA5396",1661320
"XZ90550","DL8434",1441820
"VJ28448","DL5337",1875721
"MH89346","DL7000",1810260
"HA25581","DL4491",1027121
"XR35145","DL8291",1333564
"FZ17926","DL1745",1156002
"LO15054","DL6769",1892237
"P019920","DL4964",1690747
"UJ58896","DL9608",1682727
"BC62025","DL9266",1102284
"DP62487","DL1488",1018758
"Q338746","DL3599",1632003
"OQ81096","DL8377",1683204
"UX15682","DL4624",1784482
"SI46275","DL4096",1191300
"H834424","AA7942",1348166
"I268678","AA2537",1274281
"FF57279","AA9195",1051699
"C573194","AA3632",1470982
"AK15140","AA7076",1682727
"FT26660","AA6473",1190033
"D257190","AA2687",1455613
"XL21477","AA2407",1470982
"IX35219","AA1218",1895406
"PA47694","AA4030",1408231
"QN91011","AA6389",1291323
"RK12506","AA4387",1549324
"K248623","AA6148",1970465
"FJ26430","AA8025",1182654
"IQ91358","AA5443",1356642
"V893208","HU9764",1946352
"GR97278","HU3353",1173330
"VQ54186","HU5174",1858971
"PG82179","HU2061",1776459
"YM41665","HU3319",1156002
"QE16655","HU6375",1125472
"XN21483","HU6675",1187713
"ET76777","HU6956",1302607
"W299434","HU5331",1691875
"MD64300","HU5843",1622231
"MN39894","HU7592",1057964
"GK68608","HU4859",1531590
"D441026","HU4166",1204259
"F688331","HU7938",1568418
"RI57422","HU6945",1721671
"AP80260","MU7110",1324403
"W181679","MU8188",1669414
"IY87396","MU3212",1361165
"NZ16890","MU8499",1355914
"ES88832","MU9115",1739646
"D080282","MU5085",1470982
"D412459","MU8003",1482498
"YV60564","MU8371",1314010
"CX56054","MU2861",1563684
"DX22477","MU9934",1889234
"ZS99861","MU9909",1833060
"RZ47778","MU8330",1874854
"ZX97198","MU4834",1174786
"DG44175","MU5717",1027121
"FX62042","MU1247",1342364
"WQ16876","CA4505",1391710
"NI38385","CA7842",1563292
"ZF17492","CA2726",1520331
"QD27517","CA7797",1056817
"QX84173","CA5320",1257911
"OX36471","CA1223",1235358
"UN57507","CA6400",1688072
"ZI93930","CA9111",1218070
"HF48942","CA5048",1746356
"VR57164","CA2470",1482438
"ZN27898","CA7589",1891117
"TQ90743","CA8765",1919258
"UF25136","CA6933",1891117
"C034299","CA3174",1024529
"AH11264","CA9051",1742137
"FX47043","UA4602",1923041
"HO38381","UA9835",1746612
"LO75185","UA7360",1435256
"QZ42276","UA6736",1880522
"DK59405","UA8551",1043208
"G447615","UA9107",1733292
"IO10445","UA3103",1715581
"RA31940","UA2618",1833060
"HB79303","UA5754",1746356
"QG80006","UA6026",1034338
"NQ47997","UA8077",1907920
"UB67244","UA6154",1066531
"QN17200","UA9492",1020947
"F691541","UA5512",1056817
"OM42334","UA9116",1022439
"XZ90550","DL5724",1503462
"VJ28448","DL7541",1346355
"MH89346","DL6216",1907920
"HA25581","DL6957",1830807
"XR35145","DL5722",1424079
"FZ17926","DL9927",1325150
"LO15054","DL5182",1294256
"P019920","DL6341",1503462
"UJ58896","DL8514",1993371
"BC62025","DL3573",1843727
"DP62487","DL2628",1501017
"Q338746","DL9858",1277509
"OQ81096","DL6379",1478217
"UX15682","DL9830",1224406
"SI46275","DL4052",1715123
"H834424","AA8652",1830807
"I268678","AA1805",1859364
"FF57279","AA6140",1156002
"C573194","AA7987",1586989
"AK15140","AA6455",1649066
"FT26660","AA3880",1364997
"D257190","AA8766",1798033
"XL21477","AA2181",1040466
"IX35219","AA2490",1548977
"PA47694","AA2016",1736456
"QN91011","AA2078",1190718
"RK12506","AA1326",1288169
"K248623","AA8504",1537232
"FJ26430","AA5703",1650748
"IQ91358","AA6642",1432802
"V893208","HU7015",1109111
"GR97278","HU8177",1566088
"VQ54186","HU2718",1020947
"PG82179","HU7307",1531239
"YM41665","HU4813",1858971
"QE16655","HU1887",1390035
"XN21483","HU8363",1862219
"ET76777","HU6572",1458720
"W299434","HU1689",1622621
"MD64300","HU4683",1455613
"MN39894","HU4946",1458720
"GK68608","HU6394",1257591
"D441026","HU5686",1594609
"F688331","HU9991",1798869
"RI57422","HU5847",1646260
"AP80260","MU2224",1216132
"W181679","MU8497",1423913
"IY87396","MU3762",1112986
"NZ16890","MU4872",1391710
"ES88832","MU3836",1960813
"D080282","MU3444",1294256
"D412459","MU6722",1900131
"YV60564","MU2747",1736456
"CX56054","MU5737",1401432
"DX22477","MU4265",1711751
"ZS99861","MU2803",1482438
"RZ47778","MU8625",1529180
"ZX97198","MU5415",1683204
"DG44175","MU8172",1024386
"FX62042","MU5425",1024529
"WQ16876","CA6666",1377483
"NI38385","CA9407",1234367
"ZF17492","CA2595",1408231
"QD27517","CA4716",1970465
"QX84173","CA8545",1229958
"OX36471","CA2207",1182654
"UN57507","CA2154",1480296
"ZI93930","CA8294",1073758
"HF48942","CA9609",1655471
"VR57164","CA5832",1156002
"ZN27898","CA3577",1956753
"TQ90743","CA6714",1566088
"UF25136","CA3181",1709813
"C034299","CA3354",1066531
"AH11264","CA2863",1266254
"FX47043","UA8707",1798869
"HO38381","UA6447",1053080
"LO75185","UA9438",1097460
"QZ42276","UA4587",1687299
"DK59405","UA9999",1257591
"G447615","UA9989",1538492
"IO10445","UA6863",1919338
"RA31940","UA7998",1622621
"HB79303","UA5802",1482498
"QG80006","UA2121",1001850
"NQ47997","UA7394",1558649
"UB67244","UA5448",1714990
"QN17200","UA3908",1308086
"F691541","UA6295",1208980
"OM42334","UA4154",1687299
"XZ90550","DL6529",1753522
"VJ28448","DL3889",1529391
"MH89346","DL4643",1649066
"HA25581","DL4191",1891086
"XR35145","DL2197",1351506
"FZ17926","DL9187",1900131
"LO15054","DL5041",1224406
"P019920","DL8974",1912563
"UJ58896","DL6973",1824480
"BC62025","DL9277",1727260
"DP62487","DL3571",1482498
"Q338746","DL1695",1856208
"OQ81096","DL7084",1030875
"UX15682","DL6855",1478851
"SI46275","DL2318",1470982
"NU19406","MH672",1862219
"Q338746","DL2987",1484820
"JK76259","RL770",1035271
"YV60564","MU7558",1237082
"XL21477","AA1046",1118303
"WL67776","IG929",1742137
"DG44175","MU1343",1945895
"NI38385","CA8312",1208980
"L925559","YAP697",1397365
"W299434","HU5921",1102284
"BK77597","QZ367",1254955
"DK59405","UA3177",1294094
"PG82179","HU3892",1051936
"GK68608","HU7074",1371625
"UX15682","DL1872",1352001
"C247145","YAP613",1746356
"XZ90550","DL1322",1221011
"VQ68651","FD189",1020947
"JY72758","UH324",1053080
"MV15753","MH497",1739396
"FF57279","AA6140",1174485
"MN39894","HU1765",1182105
"VJ28448","DL7541",1753522
"YV60564","MU6161",1332211
"FC55159","BUR849",1546349
"LO15054","DL8753",1510737
"DQ58947","CZ903",1686912
"HB79303","UA9473",1178275
"CX56054","MU8832",1170255
"PW66812","Y7234",1263421
"OX36471","CA5951",1394160
"SD33049","MSE496",1611789
"CC17048","L6 679",1827720
"X538585","MSE476",1593845
"FX62042","MU1247",1266994
"FJ26430","AA2575",1993421
"XN21483","HU1109",1324033
"DK59405","UA9999",1300079
"SI46275","DL4052",1136111
"QE67430","RL551",1040466
"TQ37615","MS167",1308086
"FT26660","AA762",1660687
"YV44871","TK177",1567018
"QG80006","UA4091",1734304
"V694489","MSE471",1005481
"QZ42276","UA6736",1399245
"AN16410","SK834",1587841
"DP62487","DL3571",1769438
"GK68608","HU4859",1675045
"R081220","FV620",1612515
"WX31524","AS416",1784482
"Y971828","Y7142",1960229
"MD64300","HU5843",1723264
"Y812405","7W330",1190718
"SI46275","DL7602",1723657
"FF57279","AA8660",1065061
"Q338746","DL1695",1448175
"AR55177","MS163",1960724
"HA25581","DL3859",1257591
"QZ42276","UA4587",1224406
"GK68608","HU6418",1287868
"W198246","FD222",1456632
"H834424","AA9440",1859497
"U982141","BGY841",1478217
"PA47694","AA7419",1204259
"QG80006","UA5207",1529391
"EI81958","FD591",1140022
"BL51630","G660",1122308
"PG82179","HU2061",1933182
"UF25136","CA6788",1100426
"YC57486","Y9487",1751626
"FX62042","MU7794",1895406
"RI57422","HU7832",1717264
"SE33416","IG984",1432802
"LC96741","FV442",1152764
"XR35145","DL8291",1007028
"QZ64723","NDN949",1408319
"QN91011","AA8049",1024386
"P019920","DL4610",1109111
"OX36471","CA2207",1818375
"F691541","UA8985",1980412
"VR57164","CA3919",1900773
"FZ17926","DL9187",1455613
"FF57279","AA1383",1207282
"HB79303","UA3536",1508168
"LO15054","DL3294",1529736
"NQ47997","UA1428",1333564
"DP62487","DL5684",1084805
"UF25136","CA8183",1391710
"BG84706","6O469",1733292
"QG80006","UA6070",1218115
"WY24189","OAC277",1669414
"K248623","AA8195",1222849
"UM74264","QZ535",1084276
"NI38385","CA1503",1622231
"PG82179","HU2609",1475494
"F688331","HU9939",1603241
"XL21477","AA7020",1280963
"Z648127","SE318",1798869
"HB79303","UA417",1390035
"H834424","AA9479",1271429
"W299434","HU5602",1909263
"LO75185","UA3218",1382900
"HF48942","CA6209",1345567
"YV60564","MU9075",1348166
"CK42389","BGY800",1993371
"FN57083","FNA765",1110357
"GR97278","HU8285",1807518
"FH33719","6O715",1919258
"XL21477","AA9680",1715596
"QM95314","6O666",1551154
"N040434","MS924",1798033
"QE16655","HU6375",1480296
"D257190","AA6188",1957241
"DG44175","MU3968",1973804
"DX22477","MU2381",1191300
"F149307","CZ382",1900131
"XZ90550","DL3894",1066531
"AL69214","G844",1228778
"K248623","AA993",1802747
"OX36471","CA860",1568817
"FX47043","UA3048",1938481
"AB14396","YAP203",1504818
"FJ26430","AA2442",1793893
"WQ16876","CA7278",1414449
"QN91011","AA7587",1315149
"Q021566","UH935",1884396
"RB23527","RMK284",1993436
"YM41665","HU4495",1424079
"UX15682","DL3004",1173330
"DP62487","DL6931",1899984
"H834424","AA5102",1718403
"IY87396","MU9871",1708609
"Q338746","DL3508",1556744
"XL21477","AA2181",1645776
"FJ26430","AA5703",1011246
"JM13886","NDN624",1456296
"ES88832","MU5259",1616652
"D441026","HU6120",1294256
"G217818","FD257",1568380
"B281843","Y9488",1455547
"AJ31263","CZ826",1513199
"XN21483","HU8344",1776459
"GK68608","HU8203",1350412
"UJ58896","DL7330",1927873
"W299434","HU5331",1704111
"AP80260","MU3115",1923041
"HO38381","UA1703",1646260
"X543761","SK827",1682727
"A299277","FNA688",1420484
"U541105","FV933",1216132
"Q338746","DL9033",1926621
"ZN27898","CA6779",1739646
"AP80260","MU7202",1687299
"OF70765","MD632",1891117
"VJ28448","DL9926",1408164
"NX10428","FNA509",1759506
"RK12506","AA305",1880386
"RA31940","UA947",1626731
"ZS99861","MU771",1395467
"CL16145","EA190",1925653
"BG94656","UH809",1441820
"UF25136","CA8952",1468533
"SI46275","DL4096",1889234
"XH34317","QL294",1435256
"DK59405","UA2778",1462037
"RF96683","MH421",1907920
"QG80006","UA2121",1425478
"H834424","AA1157",1585026
"HB79303","UA3104",1735269
"MU39880","BGY378",1933295
"QS92830","Y7674",1101335
"YM26812","EA149",1819734
"G447615","UA9107",1398239
"SI46275","DL6805",1443505
"W181679","MU4936",1174786
"LO15054","DL5041",1870684
"KG91245","7W988",1919338
"OM42334","UA1690",1880522
"ZX97198","MU2947",1168397
"LO75185","UA4763",1843727
"GR97278","HU4824",1538492
"OM42334","UA2759",1479026
"BV99256","MSE989",1176155
"DT39733","QZ368",1261562
"AH11264","CA5374",1688072
"D412459","MU3736",1435043
"KH46941","FNA928",1112986
"VI45959","GK174",1497333
"HU76983","GK266",1538091
"I268678","AA1718",1125472
"DP62487","DL7988",1182654
"DK59405","UA1138",1705006
"FJ26430","AA8136",1401498
"NI38385","CA7035",1859364
"SW28358","RMK524",1754952
"UN57507","CA9194",1043208
"QN91011","AA2078",1493634
"ND79620","KA537",1834064
"RI57422","HU918",1765644
"D412459","MU5047",1736895
"M515455","EA520",1899211
"RZ47778","MU7354",1005581
"ZF17492","CA6301",1137165
"YV60564","MU4628",1891086
"TZ43271","GK151",1759364
"P625790","DSV209",1057443
"RK12506","AA9207",1683204
"DG44175","MU7606",1961937
"FG89640","EA934",1654001
"G410370","YAP534",1946352
"QX84173","CA7373",1833060
"QX84173","CA8865",1824480
"D257190","AA8389",1137342
"V893208","HU9395",1694359
"IX35219","AA2490",1615503
"L072916","MSE116",1529180
"CX56054","MU5218",1563684
"C034299","CA8555",1224721
"ET76777","HU6121",1218070
"JM78016","MSE373",1163978
"UX15682","DL4118",1246982
"PV29441","RL629",1278030
"OQ81096","DL6379",1351506
"OQ81096","DL2930",1832877
"IP96318","N7419",1956753
"PA47694","AA1385",1644639
"DX22477","MU8755",1159613
"XN21483","HU5955",1549324
"HF48942","CA183",1024529
"RI57422","HU8802",1435390
"OM42334","UA5396",1112686
"AH11264","CA466",1666133
"QZ42276","UA3269",1445216
"JN59416","6O477",1235358
"FT26660","AA9273",1934819
"O975291","EA689",1197811
"SS13244","QZ342",1638179
"RI48101","MSE675",1668898
"PE41912","BGY556",1717977
"FX62042","MU6522",1690747
"ZS99861","MU2854",1194925
"RK12506","AA4387",1794904
"HA25581","DL5042",1342871
"BP99811","SK977",1507892
"RZ47778","MU8625",1864686
"TQ90743","CA6710",1099060
"JH87790","Y7776",1229958
"C464589","MS385",1818681
"LU39394","IG132",1568418
"LO75185","UA7360",1963929
"C573194","AA9061",1563292
"OQ81096","DL7084",1119964
"D080282","MU4634",1361165
"SQ55324","KA251",1970465
"F217032","VA976",1101983
"T170274","NDN553",1042846
"HB79303","UA7244",1746612
"QN17200","UA662",1366493
"S331219","YAP541",1649066
"VR57164","CA5832",1282284
"HA98155","OAC540",1122943
"AG78197","MS719",1715581
"P087566","IG384",1257911
"BA78989","RMK724",1906469
"VU85926","RMK118",1691875
"I268678","AA690",1301102
"RA31940","UA3580",1291323
"WQ16876","CA9404",1856208
"PG82179","HU1037",1884796
"QG80006","UA833",1470982
"NQ47997","UA2962",1893168
"QD27517","CA4716",1156002
"WV45969","N7611",1693781
"ES88832","MU4588",1172478
"D257190","AA9987",1733271
"DX22477","MU4865",1905925
"QE16655","HU7512",1960813
"MD64300","HU5268",1905616
"V893208","HU7015",1651681
"UN57507","CA5199",1228729
"F078977","YUZ564",1194653
"ET76777","HU6956",1944253
"CR27959","MD346",1655471
"PG22692","RMK426",1342364
"WQ16876","CA4505",1820750
"GK68608","HU9498",1755066
"WQ16876","CA6278",1965610
"ES88832","MU9986",1055118
"GK68608","HU9452",1566088
"XL21477","AA5332",1975876
"G447615","UA3329",1485156
"OQ81096","DL8377",1026770
"PO24335","BGY409",1907870
"UJ58896","DL7918",1196518
"DP62487","DL8279",1667162
"R590110","TK220",1458720
"I683668","N7651",1946150
"VQ54186","HU1413",1777151
"A044929","RL753",1369684
"JW93445","Y7313",1503462
"DK59405","UA2776",1234681
"PY66593","MH958",1801390
"RI57422","HU5926",1711751
"HB79303","UA1632",1435400
"NZ16890","MU3219",1217866
"T953711","MH502",1257137
"K248623","AA1614",1356642
"ZN27898","CA7589",1755074
"RZ47778","MU1437",1364997
"UN57507","CA5037",1496646
"ET76777","HU2409",1286749
